majr,desc,cip
0,Undeclared,999999
100,"Agriculture, General.",100
101,Agricultural Business and Mgmt,101
102,Agricultural Mechanization.,102
103,Agricultural Production Ops.,103
104,Agricultural & Food Prod Proc.,104
105,Agricultural and Dom Ani Svcs,105
106,Appl Horti & Hor Bus Svcs,106
107,International Agriculture.,107
108,Agricultural Public Services.,108
109,Animal Sciences.,109
110,Food Science and Technology.,110
111,Plant Sciences.,111
112,Soil Science,112
199,"Ag, Ag. Ops, & Rel Sci, Other",199
01BJ,International Agriculture,10701
01BN,"Animal Sciences, General",10901
301,Natural Resources Conser Rsrch,301
302,Natural Resources Mgmt and Pol,302
303,Fishing & Fisheries Sci & Mgmt,303
305,Forestry.,305
306,Wildlife & Wildlands Sci & Mgt,306
399,"Natural Resources & Cons, Oth",399
402,Architecture.,402
403,"City/Urban, Com & Reg Planning",403
404,Environmental Design.,404
405,Interior Architecture.,405
406,Landscape Architecture.,406
408,Architectural History & Crit.,408
409,Architectural Sciences & Tech.,409
410,Real Estate Development.,410
499,"Archi & Related Services, Oth.",499
04AA,Architecture,40201
04AC,Environmental Design/Achitect,40401
501,Area Studies.,501
502,"Eth, Cult Min, Gen, & Grp Stud",502
599,"Area, Eth, Cult, & Gen St, Oth",599
05AG,Latin American Studies,50107
901,Comm and Media Studies.,901
904,Journalism.,904
907,"Radio, Tele, and Digital Comm.",907
909,"Publ Rltns, Advert, & Apld Com",909
910,Publishing.,910
999,"Com, Jour, & Related Prgs, Oth",999
09AS,International and intercultura,90907
1001,Comm Technology/Technician.,1001
1002,AV Comm Tech/Technicians.,1002
1003,Graphic Communications.,1003
1099,"Com Tech/Tech & Sprt Svcs, Oth",1099
1101,"Computer & Info Sci, General",1101
1102,Computer Programming.,1102
1103,Data Processing.,1103
1104,Information Science/Studies.,1104
1105,Computer Systems Analysis.,1105
1106,Data Entry/Microcomputer Appl.,1106
1107,Computer Science.,1107
1108,Computer S/w & Media Appl.,1108
1109,Comp Sys Networking & Telecomm,1109
1110,Comp/Info Tech Admin & Mgmt,1110
1199,"Comp/Info Sci & Sprt Svcs, Oth",1199
1203,Funeral Svcs & Mortuary Sci.,1203
1204,Cosmet. & Rel Pers Groom Svcs.,1204
1205,Culinary Arts & Related Svcs.,1205
1299,"Personal & Culinary Svcs, Oth.",1299
13,Education,13
1301,"Education, General",1301
1302,Bi/Multilingual & Multicult Ed,1302
1303,Curriculum and Instruction.,1303
1304,Edu Admin & Supervision.,1304
1305,Edu/Instruct Media Design.,1305
1306,"Edu Assess, Eval & Research.",1306
1307,Intnl and Comparative Edu.,1307
1309,Social and Phil Found of Edu.,1309
1310,Special Edication & Technology,1310
1311,Stu Counsel & Personnel Svcs.,1311
1312,"Teach Edu & Prof Devl, Mthd.",1312
1313,"Tch Edu & Prof Devl, Spec Subj",1313
1314,Teach Eng or Fre as a Sec Lang,1314
1315,Teaching Assistants/Aides,1315
1399,"Education, Other",1399
13BA,Education/Teaching of Individu,131003
13CC,Early Childhood Education,131210
13CE,Agricultural Teacher Education,131301
1401,"Engineering, General.",1401
1402,Aero-space/naut & Astro Eng,1402
1403,Agricultural Engineering,1403
1404,Architectural Engineering,1404
1405,Biomedical/Medical Engineering,1405
1406,Ceramic Sciences & Engineering,1406
1407,Chemical Engineering,1407
1408,Civil Engineering,1408
1409,Computer Engineering.,1409
1410,"Elect, Electronics & Com Eng",1410
1411,Engineering Mechanics,1411
1412,Engineering Physics,1412
1413,Engineering Science,1413
1414,Environ/Environ Health Eng.,1414
1418,Materials Engineering,1418
1419,Mechanical Engineering,1419
1420,Metallurgical Engineering,1420
1421,Mining and Mineral Engineering,1421
1422,Naval Archi & Marine Eng.,1422
1423,Nuclear Engineering.,1423
1424,Ocean Engineering.,1424
1425,Petroleum Engineering.,1425
1427,Systems Engineering.,1427
1428,Textile Sciences and Eng.,1428
1431,Materials Science.,1431
1432,Polymer/Plastics Engineering,1432
1433,Construction Engineering,1433
1434,Forest Engineering,1434
1435,Industrial Engineering,1435
1436,Manufacturing Engineering,1436
1437,Operations Research,1437
1438,Surveying Engineering,1438
1439,Geological/Geophysical Eng.,1439
1440,Paper Science and Engineering,1440
1441,Electromechanical Engineering,1441
1442,"Mecha, Robotics & Auto Eng.",1442
1443,Biochemical Engineering.,1443
1444,Engineering Chemistry.,1444
1445,Biological/Biosystems Eng.,1445
1499,"Engineering, Other.",1499
14AF,Bioengineering and Biomedical,140501
14BC,Materials Engineering,141801
14BF,Mining and Mineral Engineering,142101
14BW,Electromechanical Engineering,144101
14BY,Biochemical Engineering,144301
14CA,Biological/Biosystems Engineer,144501
1500,"Engineering Tech, General.",1500
1501,Archi Eng Tech/Technicians,1501
1502,Civil Eng Techs/Technicians.,1502
1503,Elect Eng Techn/Technicians.,1503
1504,Electrom Instru & Maint Tech.,1504
1505,Environ Ctrl Tech/Technicians.,1505
1506,Indust Prod Tech/Technicians.,1506
1507,Qlty Ctrl & Safety Tech/Techn,1507
1508,Mech Eng Rlted Techn/Techn.,1508
1509,Mining & Petrol Techn/Techn.,1509
1510,Construction Eng Technologies,1510
1511,Engineering-Related Tech.,1511
1512,Computer Eng Tech/Technicians,1512
1513,Drafting/Design Eng Tech/Techn,1513
1514,Nuclear Eng Tech/Technicians.,1514
1515,Engineering-Related Fields.,1515
1516,Nanotechnology.,1516
1599,"Eng Tech/Technicians, Other.",1599
15AA,"Engineering Technology, Gen",150000
15AD,"Electrical, Electronic and Com",150303
15AX,Industrial Technology/technici,150612
15AY,Manufacturing Engineering Tech,150613
15BA,Chemical Engineering Technolog,150615
15BJ,Automotive Engineering Technol,150803
15CI,Packaging Science,151503
1601,"Ling, Comp, & Rel Lang Stdies",1601
1602,"Afr Lang, Lit, & Linguistics.",1602
1603,"East Asian Lang, Lit, & Ling.",1603
1604,"Slav,Balt,Alb Lang, Lit & Ling",1604
1605,"Germanic Lang, Lit, & Ling.",1605
1606,Modern Greek Lang & Lit.,1606
1607,"South Asian Lang, Lit, & Ling.",1607
1608,Iranian/Pers Lang Lit & Ling,1608
1609,"Romance Lang, Lit, & Ling.",1609
1610,"Native Amer Lang, Lit, & Ling.",1610
1611,Mid E. & Sem Lang Lit & Ling.,1611
1612,Clssc & Class Lang Lit & Ling.,1612
1613,"Celtic Languages, Lit & Ling.",1613
1614,SE Asia & Aust Lang Lit & Ling,1614
1615,Turk & C. Asia Lang Lit & Ling,1615
1616,American Sign Language.,1616
1699,Forgn Lang Lit & Ling Other.,1699
16AB,Linguistics,160102
16CI,Classics & Classical Language,161299
1900,Work and Family Studies.,1900
1901,Family & Cons/Hu Sci General,1901
1902,Family & Cons/Hu Sci Bus Svcs,1902
1904,Family & Cons Eco & Reltd Std.,1904
1905,Food Nutrition & Related Svcs.,1905
1906,Housing and Human Environs,1906
1907,"Hu. Devl, Fam Stds & Rel Svcs.",1907
1909,Apparel and Textiles.,1909
1999,"Family & Cons/Human Sci, Oth.",1999
19AV,Child Development,190706
2101,Tech Edu/Industri Arts Prgrms.,2101
2200,Non-Pro Gen Legal Studies (UG),2200
2201,Law,2201
2202,Legal Research & Adv Pro Stds.,2202
2203,Legal Support Services.,2203
2299,"Legal Prof and Studies, Other.",2299
2301,"English Lang & Lit, General",2301
2304,English Composition.,2304
2305,Creative Writing.,2305
2307,American Lit (US and Canadian),2307
2308,Eng Lit (Brit & Commonwealth),2308
2310,Speech and Rhetorical Studies.,2310
2311,Technical and Business Writing,2311
2313,Rhetoric & Compo/Writing Stds.,2313
2314,Literature.,2314
2399,"Eng Lang & Lit/Letters, Oth.",2399
2401,Lib Arts & Sci Gen Stds & Hum.,2401
2501,Library Science and Admin.,2501
2503,Library and Archives Assisting,2503
2599,"Library Science, Other.",2599
2601,"Biology, General.",2601
2602,"Biochem, Biophys & Molec Bio.",2602
2603,Botany/Plant Biology.,2603
2604,Cell/Cellular Bio & Anat Sci.,2604
2605,Microbiol Sci & Immunology,2605
2607,Zoology/Animal Biology.,2607
2608,Genetics,2608
2609,Physiology Pathology & Rel Sci,2609
2610,Pharmacology and Toxicology.,2610
2611,"Biomaths, Bioinfo, & Comp Bio.",2611
2612,Biotechnology.,2612
2613,Ecol Evol Systemat & Popu Bio.,2613
2614,Molecular Medicine.,2614
2615,Neurobiology and Neurosci.,2615
2699,"Biological and Biomed Sci, Oth",2699
26CU,Biotechnology,261201
2701,Mathematics.,2701
2703,Applied Mathematics.,2703
2705,Statistics.,2705
2799,"Mathematics and Stats, Oth.",2799
2801,"Air Force ROTC, Air Sci & Ops.",2801
2803,"Army ROTC, Military Sci & Ops.",2803
2804,"Navy/Mar ROTC, Naval Sci & Ops",2804
2805,Milit Sci & Operat Studies.,2805
2806,Security Policy and Strategy.,2806
2807,Military Economics and Mgmt.,2807
2899,Milit Sci Ldershp & Op Art Oth,2899
2901,Military Technologies.,2901
2902,Intell Command Ctrl & Info Ops,2902
2903,Military Applied Sciences.,2903
2904,Military Systems & Maint Tech.,2904
2999,"Milit Tech & Applied Sci, Oth.",2999
3000,"Multi/Interdisc Studies, Gen.",3000
3001,Biological and Physical Sci.,3001
3005,Peace Studies & Conflict Resol,3005
3006,Systems Science and Theory.,3006
3008,Mathematics and Computer Sci.,3008
3010,Biopsychology.,3010
3011,Gerontology.,3011
3012,Historic Preservation & Cons.,3012
3013,Medieval and Renaissance Stds.,3013
3014,Museology/Museum Studies.,3014
3015,"Science, Tech & Society.",3015
3016,Accounting & Computer Science,3016
3017,Behavioral Sciences.,3017
3018,Natural Sciences.,3018
3019,Nutrition Sciences.,3019
3020,International/Global Studies.,3020
3021,Holocaust and Related Studies.,3021
3022,Classical and Ancient Studies.,3022
3023,Inter/Multicultural & Div Stds,3023
3024,Neuroscience.,3024
3025,Cognitive Science.,3025
3026,Cultl Std/Critical Theo & Anal,3026
3027,Human Biology.,3027
3028,Dispute Resolution.,3028
3029,Maritime Studies.,3029
3030,Computational Science.,3030
3031,Human Computer Interaction.,3031
3032,Marine Sciences.,3032
3033,Sustainability Studies.,3033
3099,"Multi/Interdisc Studies, Oth.",3099
30AB,Biology and Physical Sciences,300101
30AF,Biopsychology,301001
30AO,Behavioral Sciences,301701
30BE,Marine Sciences,303201
3101,"Parks, Rec & Leisure Studies.",3101
3103,Parks Rec & Leisure Facil Mgmt,3103
3105,Health & Physical Edu/Fit.,3105
3106,Outdoor Education.,3106
3199,"Parks Leisure & Fit Stds, Oth.",3199
31AA,"Parks, Recreation & Leisure",310101
31AB,"Parks, Recreation & Leisure",310301
31AG,Kinesiology & Exercise Science,310505
3201,Basic Skills & Devl/Remed Edu.,3201
3301,Citizenship Activities.,3301
3401,Health-Rel Knowledge & Skills,3401
3501,Interpersonal & social skills.,3501
3601,Leisure & Rec Activities,3601
36AA,Leisure & Recreational Active,360101
3701,Pers Awareness & Self-improve.,3701
3800,"Philosophy & Rel Studies, Gen.",3800
3801,Philosophy.,3801
3802,Religion/Religious Studies.,3802
3899,"Philosophy and Rel Stds, Other",3899
38AK,Islamic Studies,380205
3902,Bible/Biblical Studies.,390201
3903,Mission/ary Stds & Missiology.,3903
3904,Religious Education.,3904
3905,Religious/Sacred Music.,3905
3906,Theo & Ministerial Studies.,3906
3907,Pastoral Couns & Sp Ministries,3907
3999,"Theology & Rel Vocations, Oth.",3999
39AB,Missions/Missionary Studies,390301
39AL,Youth Ministry,390702
4001,Physical Sciences,4001
4002,Astrophysics,4002
4004,Atmospheric Sci & Meteorology.,4004
4005,Chemistry.,4005
4006,Geological & Earth Sci/Geosci.,4006
4008,Physics.,4008
4010,Materials Sciences.,4010
4099,"Physical Sciences, Other.",4099
4100,"Science Tech/Technicians, Gen.",4100
4101,Bio/Biotech Lab Technician,4101
4102,Nuc & Indust Radio Tech/Techn.,4102
4103,Physical Science Tech/Techn.,4103
4199,"Science Tech/Techn, Other.",4199
4201,"Psychology, General.",4201
4202,Clinical Psychology.,4202
4203,Cognitive Psych & Psycholing.,4203
4204,Community Psychology.,4204
4205,Comparative Psychology.,4205
4206,Counseling Psychology.,4206
4207,Developmental and Child Psych.,4207
4208,Experimental Psychology.,4208
4209,Industrial and Org Psych.,4209
4210,Personality Psychology.,4210
4211,Physiological Psych/Psychobio.,4211
4216,Social Psychology.,4216
4217,School Psychology.,4217
4218,Educational Psychology.,4218
4219,Psychometrics & Quant. Psych.,4219
4220,Clinical Child Psychology.,4220
4221,Environmental Psychology.,4221
4222,Geropsychology.,4222
4223,Health Psychology.,4223
4224,Psychopharmacology.,4224
4225,Family Psychology.,4225
4226,Forensic Psychology.,4226
4227,Research & Experimental Psych.,4227
4228,"Clinical, Couns & Appl Psych.",4228
4299,"Psychology, Other.",4299
42AY,Developmental  & Child Psych,422703
42BG,Clinical Psychology,422801
42BH,Community Psychology,422802
42BK,School Psychology,422805
42BL,Educational Psychology,422806
42BR,Forensic Psychology,422812
4301,Criminal Justice & Corrections,4301
4302,Fire Protection.,4302
4303,Homeland Security.,4303
4399,"Law Enf, Firef & Rel Prot Svcs",4399
4400,"Human Services, General.",4400
4402,Community Org & Advocacy.,4402
4404,Public Administration.,4404
4405,Public Policy Analysis.,4405
4407,Social Work.,4407
4499,"Pub Admin & Soc Svce Prof, Oth",4499
44AA,"Human Services, General",440000
44AJ,Youth Services/Administration,440702
4501,"Social Sciences, General.",4501
4502,Anthropology.,4502
4503,Archeology.,4503
4504,Criminology.,4504
4505,Demography and Pop Studies,4505
4506,Economics.,4506
4507,Geography and Cartography.,4507
4509,Int'l Rel & National Sec Stds.,4509
4510,Political Science & Government,4510
4511,Sociology.,4511
4512,Urban Studies/Affairs.,4512
4513,Sociology and Anthropology.,4513
4514,Rural Sociology.,4514
4599,"Social Sciences, Other.",4599
45AH,Archeology,450301
45BD,Sociology and Anthropology,451301
4600,"Construction Trades, General.",4600
4601,Mason/Masonry.,4601
4602,Carpenters.,4602
4603,Elect & Power Trans Installers,4603
4604,Building/Const Mgmt & Insp.,4604
4605,Plumb & Rel Water Supply Svcs.,4605
4699,"Construction Trades, Other.",4699
46AP,Building/Construction Site Man,460412
4700,"Mechanics and Repairers, Gen.",4700
4701,Elect/Electr Maint & Rep Tech.,4701
4702,"Heat AC, & Ref Main Tech/Techn",4702
4703,Heavy/Indust Equip Maint Tech.,4703
4704,Precision Sys & Repair Tech.,4704
4706,Vehicle Maint & Repair Tech.,4706
4799,"Mech & Repair Tech/Techn, Oth.",4799
47AL,Indusrial Mechanics and Maint,470303
4800,"Precision Prod Trades, Gen.",4800
4803,Leatherworking and Upholstery.,4803
4805,Precision Metal Working.,4805
4807,Woodworking.,4807
4808,Boilermaking/Boilermaker.,4808
4899,"Precision Production, Other.",4899
4901,Air Transportation.,4901
4902,Ground Transportation.,4902
4903,Marine Transportation.,4903
4999,"Trans & Materials Moving, Oth.",4999
5001,"Visual & Performing Arts, Gen.",5001
5002,"Crafts, Folk Art & Artisanry.",5002
5003,Dance.,5003
5004,Design and Applied Arts.,5004
5005,Drama/Theatre Art & Stagecraft,5005
5006,Film/Video & Photographic Arts,5006
5007,Fine and Studio Arts.,5007
5009,Music.,5009
5010,"Arts, Ent'ment & Media Mgmt.",5010
5099,"Visual & Performing Arts, Oth.",5099
5100,"Health Svcs/Health Sci, Gen.",5100
5101,Chiropractic.,5101
5102,Comm Disorders Sci & Svcs.,5102
5104,Dentistry.,5104
5105,Adv/Grad Dentistry & Oral Sci.,5105
5106,Dental Sup Svcs & Allied Prof.,5106
5107,Health & Med Admin Services.,5107
5108,Allied Hlth & Med Assist Svcs.,5108
5109,Allied Hlth Diag & T'ment Prof,5109
5110,Med Lab Sci/Resrch & Alld Prof,5110
5111,Health/Medical Prep Programs.,5111
5112,Medicine.,5112
5114,Med Clinical Sci/Grad Med Stds,5114
5115,Ment & Hlth Svcs & All'd Prof,5115
5116,Nursing.,5116
5117,Optometry.,5117
5118,Oph & Opto Svcs & Alld Prof.,5118
5119,Osteo. Medicine/Osteopathy,5119
5120,"Pharma, Pharmaceut Sci & Admin",5120
5121,Podiatric Medicine/Podiatry.,5121
5122,Public Health.,5122
5123,Rehab and Therapeutic Prof.,5123
5124,Veterinary Medicine.,5124
5125,Vet Biomed & Clinical Sci.,5125
5126,Hlth Aides/Attendants/Ord'lies,5126
5127,Med Illustration & Informatics,5127
5131,Dietetics & Clin Nutrit. Svcs.,5131
5132,Bioethics/Medical Ethics.,5132
5133,Alt & Compl Med & Med Systems.,5133
5134,Alt & Compl Med Support Svcs.,5134
5135,Som' Bodywork & Rel Thera Svcs,5135
5136,M'ment & Mind-Body Thera & Edu,5136
5137,Energy & Biol Based Therapies.,5137
5138,"Reg Nur. Nur Admin, Clin Nur.",5138
5139,Prac Nur. Voc Nur & Nur Assist,5139
5199,"Hlth Prof & Rel Clin Sci, Oth.",5199
51AD,Communication Sciences and Dis,510201
51DH,Clinical Laboratory Science/Me,511005
51EA,Medicine,511201
51EF,Community Health Services,511504
51EG,Marriage and Family Therapy,511505
51EJ,Mental Health Counseling,511508
51GG,Health Services Administration,512211
51GL,Music Therapy/Therapist,512305
51GV,Rehabilitation & Therapuetics,512399
5201,"Business/Commerce, General.",5201
5202,"Business Admin, Mgmt & Ops.",5202
5203,Accounting & Related Services,5203
5204,Bus Ops Spprt & Assistant Svcs,5204
5205,Business/Corporate Comms.,5205
5206,Business/Managerial Economics.,5206
5207,Entrepreneurial & Sm. Bus Ops.,5207
5208,Finance & Financial Mgmt Svc.,5208
5209,Hospitality Admin/Management,5209
5210,Human Resources Mgmt & Svcs.,5210
5211,International Business.,5211
5212,Management Info Sys & Svcs.,5212
5213,Mgmt Sci & Quantitative Mthds.,5213
5214,Marketing.,5214
5215,Real Estate.,5215
5216,Taxation.,5216
5217,Insurance.,5217
5218,Gen Sales & Related Market Ops,5218
5219,Spec Sales & Marketing Ops,5219
5220,Construction Management.,5220
5221,Telecommunications Management.,5221
5299,"Bus, Mgmt & Rel Sppt Svcs, Oth",5299
52BS,Hospitality Administration,520901
52DD,Fashion Merchandising,521902
5301,HS/Secondary Diploma Programs.,5301
5302,HS/Secondary Cert Programs.,5302
5401,History.,5401
6001,Dental Residency Programs.,6001
6002,Medical Residency Programs.,6002
6003,Veterinary Residency Programs.,6003
6004,Med Res Programs - Gen Certs.,6004
6005,Med Res Prgrms - Subspec Certs,6005
6006,Podiatric Med Res Programs.,6006
ACCT,Accounting,520301
ACDD,Adv Curric Desgn - Diff Clsrm,130301
ACMS,Accountancy,520301
ACSC,Actuarial Science,521304
ACST,American Culture & Difference,50102
ADSA,Advert & Sales Promotion,521899
AERO,Aerospace Studies,280101
AHCT,Teaching College Art History,500703
AHMS,Museum Studies,301401
AMBA,Accounting MBA,520301
APST,Applied Statistics,270501
ARSC,Air-Science,280199
ART3,Two Dimensional Studio,500702
ART4,Art History: Individualized,500703
ARTH,Art History,500703
BCH1,Biochemistry,260202
BCOM,Business Communication,520501
BGDT,Big Data,110802
BINF,Bioinformatics,261103
BIOL,Biology,260101
BIOS,Biology (BS),260101
BOAT,Business Analytics (Online),521302
BOGH,Biology of Global Health,302701
BSDA,Data Analytics,110802
BUAC,Bus Admin - Accounting,520301
BUAD,Business Administration,520201
BUAN,Business Analysis,110103
BUAT,Business Analytics,521302
BUBC,Bus Admin - Communication,520299
BUCC,Corporate Communication,520501
BUDA,Data Analytics,3000
BUDE,Digital Experience,520201
BUEC,Executive Coaching,139999
BUED,Business Education,130499
BUEN,Bus Admin - Entrepreneurship,520701
BUFI,Bus Admin - Financial Mgmt,520801
BUFM,Bus Admin - Family Business,520799
BUGB,Bus Admin - Gen Business Mgmt,520201
BUGL,Global Business,520201
BUGS,Strategic Growth,520201
BUHR,Bus Admin - Human Resc Mgmt,521001
BUIB,Bus Admin - Intl Business,521101
BULM,Bus Admin - Leadership& Mgmt,520299
BULS,Bus Adm - Legal Studies in Bus,520299
BUMC,Marketing Communication,521401
BUMK,Bus Admin - Marketing Mgmt,521401
BUOD,Trans Chg & Org Development,520213
BUOP,Bus Admin - Operations Mgmt,520205
BURE,Bus Adm - Real Estate Studies,521501
BUSR,Strategic Risk & Resp,520201
BWRT,Business Writing,520501
BZBC,GMAC Business & Commerce,520601
BZCS,GMAC Computer Science,110101
BZEC,GMAC Economics,520601
BZEN,GMAC Engineering,141301
BZHU,GMAC Humanities,240103
BZLW,GMAC Law,220101
BZMA,GMAC Math,279999
BZSC,GMAC Science,301501
BZSS,GMAC Social Science,450101
BZZZ,GMAC Other Major,999999
CAAS,Advanced Appraisal Study,521501
CASL,Catholic School Leadership,390401
CATH,Catholic Studies,380201
CCRP,Critical Pedagogy,130301
CENG,Civil Engineering,140801
CGFT,Gifted Creative & Talented Edu,131004
CHDC,Chemical Dependency Counseling,511501
CHE1,Chemistry (ACS Certified),400501
CHEM,Chemistry,400501
CIED,Curr & Instr Educ K-12,130301
CIEL,Curr & Instr Elementary,130301
CIIS,Curr & Instr-Individualized,130301
CIKL,Keyboarding K-8,130301
CIME,Mulitcultural Education,130202
CIRE,Reading K-12,131315
CIRL,Reading Teacher K-12,131315
CISE,Curr & Instr Secondary,130301
CJCM,COJO Creative Multimedia,90101
CJIC,COJO Interpersonal Comm,90101
CJJO,COJO Journalism,90101
CJPS,COJO Persuasion/Soc Influence,90101
CJSC,COJO Strategic Communications,90101
CLAS,Classical Civilization,302202
CLET,Learning Technology,139999
CLTN,Literacy & Technology,139999
COEN,Computer Engineering,140901
COJO,Communication and Journalism,99999
COMC,Commerce,520201
COMM,Communication Studies,90101
CONT,Graduate Continuing Education,139999
CPCM,Computer Communications,110901
CPCS,Computer Security,111003
CPFP,Family Psychology,422811
CPLC,Professional Counselor,422803
CPSY,Counseling Psychology,422803
CREL,Reading: Elementary,131315
CRIN,Curriculum And Instruction,130301
CRSE,Reading: Secondary,131315
CSBS,Computer Science (BS),110701
CSIA,Computer Science,110701
CSIB,Computer Sci. (Masters Track),110199
CSIC,Information Systems (IS),110401
CSID,Information Technology (IT),110103
CSIE,Information Security,111003
CSIF,Information & Decision Theory,270599
CSIG,Computer & Information Science,110701
CSIH,Info Systems (Masters Track),110401
CSIM,Comp Science BS (Master Track),110101
CSSD,Software Design & Development,110103
CTEC,New Communications Tech,529999
DAAP,American Politics,NULL
DABI,Biology,NULL
DACH,Chemistry,NULL
DACJ,Criminal Justice,NULL
DAEN,Economics,NULL
DAES,Environmental Science,NULL
DAGE,Geology,NULL
DAGS,Geographic Information Systems,NULL
DAPH,Physics,NULL
DAPU,Public Health,NULL
DBIR,Data Management,110802
DMIN,Doctor Of Ministry,390699
DSAI,Artificial Intelligence,110103
DTHR,Theater Arts and Dance (K-12),131324
EAST,East Asian Studies,50104
ECB1,Economics - Business,450601
ECCC,Community College Teaching,131299
ECCE,Grad Cert Executive Coaching,139999
ECEL,Catholic Educ Leadership,139999
ECHL,Charter School Leadership,130401
ECI1,Economics - International,450605
ECIL,International Leadership,302001
ECM1,Economics - Mathematical,450603
ECME,Mathematics Education,131311
ECON,Economics,450601
ECP1,Economics - Public Policy,450604
ECPD,Public Policy and Leadership,440501
ECSA,Leadership In Student Affairs,130406
EDAA,Athletics & Activities Admin,130499
EDBA,Business Administration,130499
EDCL,Community Education Licensure,130499
EDCM,Community Education Admin,130499
EDIL,International Leadership,302001
EDLE,Leadership,130401
EDLL,Educ Leadership & Learning,130401
EDML,Leadership,520213
EDPD,Public Policy & Leadership,440501
EDPL,Police Leadership,430103
EDSA,Leadership In Student Affairs,130406
EDSB,School Business Officer,130499
EDSL,Publc Safety & Law Enfr Ldrshp,430103
EDUC,Education,1301
EEE1,Electrical Engineering,141001
EGM1,Mechanical Engineering,141901
ELCL,Comm Arts & Lit (5-8),131305
ELDI,Community Education Director,130499
ELED,Elementary Education (K-6),131202
ELEM,Elementary Education (K-6),131202
ELFR,French (K-8),131325
ELGR,German (K-8),131326
ELMA,Mathematics (5-8),131311
ELPL,Principal K-12 Licensure,130408
ELPR,Principal K-12,130408
ELRN,E-Learning,139999
ELSI,Science (5-8),131316
ELSP,Spanish (K-8),131330
ELSS,Social Studies (5-8),131318
ELSU,Superintendant Administration,130411
ELWL,World Lang & Culture (K-8),131399
EMSE,"Elem, Middle & Secondary Ed",131206
EMSY,Embedded Systems,151299
EN32,Liberal Arts - Engineering,309999
ENCT,Teaching College English,131305
ENED,Engineering Education,149999
ENGL,English,230101
ENGR,General Engineering,140102
ENPW,English - Professional Writing,231303
ENSE,English - Teacher Ed (5-12),131305
ENV1,Environmental Studies-Nat Sci,30104
ENV2,Environmental Studies-Soc Sci,30103
ENV3,Environ Studies-Humanities,30103
ENV4,Environmental Std-Business,30103
ENVR,Environmental Studies,30103
ENWR,English - Creative Writing,231302
ESCB,Environmental Sci (Biology),30104
ESCC,Environmental Sci (Chemistry),30104
ESCG,Environmental Sci (Geoscience),30104
ESEA,Educational Leadership & Admin,130401
ESEE,Special Educ Exceptionalities,131001
ESFR,French (K-12),131325
ESGE,Exception Spec & Gifted Educ,1310
ESGR,German (K-12),131326
ESLE,ESL License Endorsement,131401
ESLL,English as Second Lang. (K-12),131401
ESME,K-12 Music Education,131312
ESPE,K-12 Teaching Phy. Ed.,131314
ESPH,K-12 Phy Ed/ 5-12 & Hlth Ed,131314
ESSL,Superintendent Licensure,130411
ESSP,Spanish (K-12),131330
ESSU,Superintendent,130411
ESTA,K-12 Teaching Theater,131324
ESWL,K-12 World Lang. & Cultures,131399
EVCI,Evening Mba (Ci),520201
EXMB,Executive MBA,520201
EXSC,Exercise Science,512207
FAST,Family Studies,190704
FRAN,Franchising Management,520702
FREI,Int'l Business - French,160901
FREL,French - Literary Studies,160901
FREN,French,160901
FSTD,Film Studies,500601
FTMB,Business Administration,520201
GECW,Creative Writing & Publishing,231302
GEIS,Geographical Info Systems,450701
GENL,Gen Studies - Undeclrd/Undecd,240102
GEO1,Geology (BS),400601
GEOG,Geography,450701
GEOL,Geology,400601
GERI,Int'l Business - German,160501
GERL,German - Literary Studies,160501
GERM,German,160501
GGIS,Geography - Geo Info Sys (GIS),450701
GKLS,Literary Studies - Greek,160104
GREK,Greek,161202
HCAN,Healthcare Analytics,110103
HCIN,Health Care Innovation,510701
HCLL,Hisp&Latin Amer Lang/Lit/Ling,160908
HCMB,Health Care,520299
HCMG,Health Care Management,520299
HCMS,Health Care Communication,90905
HIST,History,540101
HLED,Health Ed--Non-Licensure,512207
HLTC,Community Health Education,512207
HRCD,Human Resource/Career Dev,521001
HRCO,Human Resource/Compensation,521001
HREB,Human Resource/Emp Benefits,521001
HRGN,Human Resource/Generalist,521001
HRIN,Intl Human Resource Mgmt,521001
HRLW,Human Resource Law,521001
HROD,Human Resource/Org Development,521001
HRTR,Human Resource/Training,521001
HUMR,Human Resources Management,521001
INCO,Internal Communication,529999
IND2,Individualized,240199
INDV,Individualized,240199
INFC,Intl Finance,520806
INHR,Intl Human Resources,521001
INID,Intl Interdisciplinary,521101
INIM,Master of International Mgmt,521101
INMC,Intl Managerial Comm,521101
INMF,Manufacture Mgmt Concentration,521101
INMK,Intl Marketing,521101
INSW,Software & Info Technology,110103
INTB,International Business,521101
INTE,Intl Studies - Economics,450601
INTH,Intl Studies - History,540101
INTL,International Management,521101
INTP,Intl Studies - Pol Sci,450901
INTS,International Studies,450901
IOTH,Internet of Things,110103
JAPN,Japanese,160302
JDMB,Joint MBA/JD Program,220205
JMCI,JD/MBA Management (CI),220205
JMPB,Jd/Mba Management (Pb),220205
JOAD,Journalism - Advertising,90401
JOBR,Journalism - Broadcast,90402
JOET,Journalism - Print,90401
JOMS,Journalism - Media Studies,90102
JOPR,Journalism - Public Relations,90401
JOUR,Journalism,90401
JOVC,Journalism-Visual Comm,90401
JPCT,Justice&Peace-Conflict Transfm,300501
JPPE,Peace Engineering,300501
JPPP,Justice&Peace-Public Policy,300501
JPSJ,Justice&Peace-Ldrshp Soc Just,300501
JPST,Justice & Peace Studies,300501
KNBS,Knowledge-Based Systems,110102
LACO,Org. Ethics & Compliance,220201
LADR,Law (Arbitration/Dispute Res),220101
LAGK,Classical Languages,161200
LATL,Latin - Literary Studies,161203
LATN,Latin,161203
LAUS,U.S. Law,220201
LAWS,Law,220101
LBUS,Law (Business),220101
LCCD,Career Development,139999
LCET,Educational Technologies,139999
LCHI,Law (Child Advocacy),220101
LCHR,Human Resource Management,139999
LCID,Instructional Design,130301
LCOO,Co-Occurring Disorders,131013
LCTR,Training,139999
LDIV,Divinity - Lay Students,390602
LENV,Law (Environmental),220101
LERN,E-Learning,139999
LETH,Law (Ethics),220101
LGOV,Law (Government/Public Policy),220101
LGST,Legal Studies,220000
LHCL,Human Resource & Change Ldshp,139999
LHOD,Organization Development,139999
LHRD,Human Resource Development,139999
LHTC,Law (Health Care),220101
LIBA,Liberal Arts,240101
LINP,Law (Intellectual Property),220101
LINT,Law (International),220101
LITA,Literary Studies (Eng/Ancient),160104
LITM,Literary Studies (Eng/Modern),160104
LMCO,Org. Ethics & Compliance,220201
LMFT,Family Psychology Conc.,422811
LMOD,Organization  Devel & Change,139999
LODC,Organization Develop & Change,139999
LPTE,Leadership & Technology,139999
LPTG,"Learning, Performance & Tech",139999
LPUB,Law (Public Interest),220101
LSFR,Literary Studies - French,160104
LSGK,Literary Studies - Greek,160104
LSGR,Literary Studies - German,160104
LSLA,Literary Studies - Latin,160104
LSSP,Literary Studies - Spanish,160104
LTDC,"MA Tech for Lrng, Devl & Chng",139999
LTEC,Learning Technology,139999
LYMN,Theology - Lay Ministry,390705
MAPM,Pastoral Ministry,390699
MAPS,Pastoral Studies,390699
MARE,Religious Education,390401
MAST,Mathematical Statistics,270501
MAT1,None,270101
MAT2,Applied Mathematics,270101
MAT3,Statistics,270501
MATG,MA Theology Generalist,390699
MATH,Mathematics,270101
MATR,MA Theology Research Track,390699
MATS,MA Theology Specialist,390699
MATT,MA Theology Thesis Track,390699
MBEX,Executive Program,520201
MCCE,Mission & Culture of Cath Ed,3802
MCCS,Medical Prod. Clinical Studies,143601
MCEE,Engineering for Educators,149999
MCMA,Materials Science,143701
MCMD,Medical Device Development,143601
MCML,Technology Leadership,143601
MCPD,Product Development,143601
MCQU,Quality,143601
MCSY,Manufacturing Systems,143601
MDIV,Divinity - Seminarians,390602
MDMB,Medical Group Management,520299
MEIN,Instrumental Music (K-12),131312
MEMA,Music Education,131312
MES1,Middle Eastern Studies,50105
MEVO,Vocal Music (K-12),131312
MFGS,Manufacturing Systems,143601
MGMP,Medical Group Management,520299
MGRL,Managerial Communication,529999
MIND,Music Industry,501003
MKCO,Marketing Communications,521401
MLCL,Comm Arts & Lit (5-8),131305
MLFR,French (K-8),131325
MLGR,German (K-8),131326
MLMA,Math (5-8),131311
MLSI,Science (5-8),131316
MLSP,Spanish (K-8),131330
MLSS,Social Studies (5-8),131318
MMSE,Mfg Systems Engineering,143601
MSCH,Chemistry (9-12),131323
MSCL,Comm. Arts & Lit (5-12),131305
MSCT,Museum Studies,301401
MSDD,Software Design & Development,110103
MSDS,Data Science,110802
MSEC,Soc Studies (5-12) - Economics,131318
MSED,Middle/Secondary Education,131203
MSEE,Electrical Engineering,141001
MSEI,Mat Sci & Engineering Interdis,143701
MSEL,Ba In K-12 Education,131206
MSEN,Material Science & Engineering,141801
MSES,Earth & Space Science (9-12),131337
MSGO,Soc Studies (5-12) - Geography,131318
MSGS,General Science (5-8),131316
MSHI,Soc Studies (5-12) - History,131318
MSHL,Health Ed. - Teaching (5-12),131307
MSIM,Instrumental Music Ed. K-12,131312
MSIT,Information Technology,110103
MSLS,Life Science (9-12),131316
MSMA,Mathematics (5-12),131311
MSME,Mechanical Engineering,141901
MSMF,Manufacturing Engineering,143601
MSMS,Manufacturing Systems,143601
MSMT,Manufacturing Track,143601
MSPH,Physics (9-12),131329
MSPO,Soc Studies (5-12) - Pol. Sci.,131318
MSPS,Soc Studies (5-12) - Psych.,131318
MSRA,Real Estate Appraisal,521501
MSRL,Real Estate,521501
MSRS,Regulatory Science,159999
MSSE,Software Engineering,110103
MSSM,Software Management,110103
MSSO,Soc Studies (5-12) - Sociology,131318
MSSS,Social Studies (5-12),131318
MSST,Service Track,143601
MSTM,Technology Management,151501
MSVM,Vocal Music Ed. K-12,131312
MSWA,Social Work Advanced Standing,440701
MSWS,Software Systems,110103
MSYE,Systems Engineering,142701
MTCO,Management Communication,529999
MTHA,Mathematics (Applied Track),270101
MTHE,Mathematics (Education Track),270101
MTHL,Theology,390705
MTHP,Mathematics (Pure Track),270101
MTHS,Mathematics (Statistics Track),270101
MUBA,Music - Business,500901
MUCH,MEMA Choral Conc.,131312
MUCO,Music Composition,500904
MUDC,MEMA Dalcroze Conc.,131312
MUIN,Music Institute,500903
MUKO,MEMA Kodaly Conc.,131312
MULT,Music - Liturgical Music,500901
MUNS,MEMA Instrumental Conc.,131312
MUOS,MEMA Orff Schulwerk Conc.,131312
MUPE,Music - Performance,500903
MUPP,MEMA Piano Ped. Thesis Conc.,131312
MUS3,Electronic Music Production,500999
MUS4,Jazz Studies,500910
MUS5,Popular Music,500999
MUS6,Recording Arts,500999
MUSC,Music,500901
MUTH,Music - Musical Theater,500901
NDAH,Non-Degree Grad Art History,500703
NDBC,Non-Degree Grad Bus Comm,529999
NDCS,Non-Degree Grad Cath Studies,380201
NDEN,Non-Degree Grad English,230101
NDFT,Non-Degree Business Admin,529999
NDHR,Non-Degree Grad Hum Res,521001
NDIN,Non-Degree Grad Int'l Mgmt,521101
NDMB,Non-Degree Business Admin,529999
NDME,Non-Degree Grad Music Ed,131312
NDND,Non-Degree,240102
NDRE,Non-Deg. Real Estate Appraisal,521501
NDRL,Non-Degree Real Estate,521501
NONE,No UST Equivalent,999999
NONP,Non-Profit Management,520299
NSCI,Neuroscience,261501
OBOR,Object Oriented Concentration,110201
PEH1,Health Promotion,512207
PEH2,Health Promotion - Science,512207
PEHE,Phy Ed (K-12) & Hlth Ed (5-12),131314
PELS,Power Electronics & Systems,141099
PENL,Phys Ed - Non-Licensure,131314
PETE,Physical Education (K-12),131314
PHIL,Philosophy,380101
PHLS,Public Health Studies,512207
PHY1,Physics (BS),400801
PHYS,Physics,400801
PLLD,Publc Safety & Law Enfr Ldrshp,430103
POLS,Political Science,451001
PPCT,Piano Pedagogy Certificate,500907
PREL,Public Relations,529999
PROF,Professional Communication,529999
PSYC,Psychology,420101
PSYN,Psy - Behavioral Neuroscience,429999
PTMB,Business Administration,520201
PUBH,Public Health Studies,512207
QMC1,Computer Science (Natural Sci),110101
QMC2,Computer Science (Business),110101
QMC3,Computer Science (Math),110101
QMC4,Computer Science,110101
QMC5,Computer Information Systems,110101
QMC6,Quantitative Methods,110101
QMCS,Quant Methods - Computer Sci,110101
RCEE,Russ/Central/East Europe Stds,50110
RCTH,Respiratory Care Therapy,510908
RENC,Renaissance Program,309999
ROML,Romance Languages,160101
RUSS,Russian,160402
SADI,Special Education Director,130402
SCAI,Strat & Explicit Acad Instr,131315
SCBA,Behavior Analyst Certificate,131001
SCOG,Orton-Gilingham Reading Appr,131315
SDDV,Information Systems,110103
SEAM,Socio-Econ Approach to Mgmnt,139999
SEAS,Advanced Study,110103
SMDS,"Science, Medicine, and Society",301501
SMEE,Science & Math For Elem. Ed.,131316
SOCI,Sociology,451101
SOCJ,Criminal Justice,450401
SOSE,Social Science - Economics,450101
SOSH,Social Science - History,450101
SOSP,Social Science - Political Sci,450101
SOSS,Social Science - Sociology,450101
SOWK,Social Work,440701
SPAB,Acad Behavioral Strategist,131099
SPAI,Int'l Business - Spanish,160905
SPAL,Spanish - Literary Studies,160905
SPAN,Spanish,160905
SPAS,Autism Spectrum Disorders,131013
SPCL,Spanish Cultural/Literary St.,160905
SPCT,"Hispanic Cultures, Lit., Ling.",160908
SPDD,Developmental Disabilities,131006
SPEC,Early Childhood Special Educ,131099
SPEM,Emotional Behavioral Disabil.,131005
SPLD,Learning Disabilities,131011
SPLL,Spanish Linguistics/Lang. St.,160905
SPMA,Special Education,131001
SPMH,Spec Ed Mildly Handicapped,131006
SPPA,Supervising Paraprofessionals,131501
SPTX,Twice Exceptional Education,139999
SSCI,Social Sciences,450101
SSMG,Social Service Management,440701
STAT,Statistics,270501
STEM,"Sci, Tech, Engineering, & Math",131316
STXU,Twice Exceptional/Underserved,139999
SUST,Sustainability,30103
SWCJ,Social Work - Criminal Justice,440701
SWEL,Social Welfare,440701
SWPB,Social Work - Public Health,440701
SWSC,Social Work - Sociology,440701
TECI,Educational Studies,130301
TEED,Teaching College English,131305
TEND,Engineering Education,131309
THE1,Biblical Studies Minor,380201
THE2,Faith Citizen & Common Good,380201
THE3,Interreligious/Compar Theology,380201
THEA,Theater,500501
THEO,Theology,380201
THR1,Theater Performance,500501
THR2,Theater Hist/Theory-Criticism,500505
THR3,Film,500601
TLMS,Teacher Prep - Middle School,131203
TMED,Mathematics Education,131311
TPEL,Teacher Preparation-Elem K-6,131202
TPET,Teacher Preparation-Elementary,131202
TPKT,Teacher Preparation - K-12,131206
TPST,Teacher Preparation-Secondary,131205
TRED,K-12 Reading Endorsement,131315
TSED,Special Education,131001
TWCT,Teaching World Music,131312
UNDC,Undecided,240102
UNKW,Unknown (Recruit Only),999999
URBS,Urban Studies,451201
VENT,Venture Management,520701
WMST,Womens Studies,50207
WRIT,Advanced Writing Certificate,529999
XBIO,Pre-Biol - Health Professions,260101
XCHE,Pre-Chemistry,400501
XCHR,Pre-Chiropractic,511106
XCJA,COJO-Advertising,99999
XCJB,COJO-Broadcast Journalism,99999
XCJC,COJO-Communication Studies,99999
XCJM,COJO-Media Studies,99999
XCJP,COJO-Print Journalism,99999
XCJR,COJO-Public Relations,99999
XDEN,Pre-Dentistry,511101
XELE,Education-Elementary Education,131202
XENG,Pre-Engineering,140102
XENV,Environmental Studies,30103
XESC,Environmental Science,30104
XESX,Pre-Education - K-12,131202
XHLT,Undecided - Health,240101
XJOU,COJO-Journalism,99999
XLAW,Pre-Law,220001
XLST,Literary Studies,160104
XMED,Pre-Medicine,260101
XMSE,Education-Secondary Education,131203
XOCT,Pre-Occupational Therapy,511107
XOPT,Pre-Optometry,511108
XPHA,Pre-Pharmacy,260101
XPPA,Pre-Physician Assistant,511199
XPPT,Pre-Physical Therapy,511199
XPRO,Pre-Professional,309999
XSSC,Social Sciences,450101
XTHL,Formation,390604
XVET,Pre-Veterinary Medicine,511104
XXXX,Pseudo Major,999999
ZACC,Accounting,520301
ZACP,Accounting,520301
ZANT,Anthropology,450201
ZARE,Art Education,131302
ZART,Studio Art,500702
ZBA2,Bus Admin - Entrepreneur,520701
ZBA3,Renaissance Program/Business,309999
ZBA4,Legal Studies,220000
ZBAC,Bus Admin - Oral/Telecommunic,520299
ZBAE,Bus Admin - Education,520299
ZBEC,Electronic Business,529999
ZBEP,Electronic Business,529999
ZBI2,Biology Education,260101
ZBUC,Business And Commerce,520501
ZCCI,Computers In Instruction Cert,131321
ZCDP,Human Resource/Career Dev,521001
ZCFB,Corporate Fitness - Business,310501
ZCFH,Corporate Fitness - Health,310501
ZCFS,Corporate Fitness - Science,310501
ZCGO,Government Contracts Cert,520202
ZCH2,Chemistry Education,400501
ZCHA,Chemistry - Acs Approved,400501
ZCHD,Human Development Tech Cert,139999
ZCHE,Chemistry - Education,400501
ZCLT,Catechetics & Liturgy,390699
ZCME,Speech Communication - Educ,90101
ZCML,Telecommunication,99999
ZCMS,Speech Communication,90101
ZCMT,General Communication/Theater,90101
ZCOP,Human Resource/Compensation,521001
ZCOX,Computer Science,110101
ZCST,Speech/Theater - Education,90101
ZCT1,Speech-Communication,90101
ZCTP,Gifted Professional Cert,131004
ZDAC,Accounting,520301
ZDAD,Day Mba,520201
ZDBE,Electronic Business,529999
ZDCD,Human Resource/Career Dev,521001
ZDCO,Human Resource/Compensation,521001
ZDEA,Elementary Administration,130408
ZDEB,Human Resource/Emp Benefits,521001
ZDEC,Social Studies - Econ Conc,131318
ZDEN,Environmental Management,30201
ZDFC,Finance,520801
ZDFR,Franchising,520702
ZDFS,Financial Services,520804
ZDGC,Government Contracts,520202
ZDGE,General  Administration,130401
ZDGR,Human Resource/Generalist,521001
ZDHC,Health Care Management,520299
ZDHL,Human Resource Law,521001
ZDIF,Information Management,521201
ZDIH,Intl Human Resource Mgmt,521001
ZDIM,International Management,521101
ZDIS,Risk And Insurance,521701
ZDMF,Manufacturing Systems,143601
ZDMG,Management,520201
ZDMK,Marketing,521401
ZDNP,Nonprofit Management,520299
ZDOD,Human Resource/Org Development,521001
ZDRE,Real Estate,521501
ZDSD,Software Design & Development,110103
ZDSE,Secondary Administration,130409
ZDSF,Software Engineering,110103
ZDSP,Sports Management,529999
ZDTR,Human Resource/Training,521001
ZDUN,Undecided,529999
ZDVE,Venture Management,520701
ZEAD,Reading,131315
ZEBP,Human Resource/Emp Benefits,521001
ZECB,Economics - Business Conc,450601
ZECP,Economics - Public Admin,450601
ZED1,Secondary Education,131205
ZEDC,Social Studies - Soc Conc,131318
ZEDH,Social Studies - Hist Conc,131318
ZEDO,Social Studies - Geog Conc,131318
ZEDP,Social Studies - Pol Sc Conc,131318
ZEDY,Social Studies - Psych Conc,131318
ZEF1,Mechanical Engineering - Mfg,141901
ZEN2,English - Education,230101
ZENC,Environmental Management,30201
ZENE,English - Education,230101
ZENG,Engineering,141301
ZENN,Liberal Arts - Engineering,309999
ZENP,Environmental Management,30103
ZENR,Energy Management,520299
ZESF,World Lang. & Cultures-French,131325
ZESG,World Lang. & Cultures-German,131326
ZESS,World Lang. & Cultures-Spanish,131330
ZEX1,Mech Eng. - Mechatronics,141901
ZEXC,Exchange Major,240199
ZFCC,Finance,520801
ZFCN,Family Consumer Nutr Sciences,190501
ZFCP,Finance,520801
ZFIN,Business Admin Finance,520801
ZFOR,Pre-Forestry,30599
ZFRC,Franchising,520702
ZFRE,French - Education,160901
ZFRP,Franchising,520702
ZFSC,Financial Services,520804
ZFSO,Family Social Science,190401
ZFSP,Financial Services,520804
ZFYM,Non-Deg 5th Yr Mech Engineer,141901
ZGCP,Government Contracts Mgmt,520202
ZGE2,Geology Education,400601
ZGEE,Earth Science - Education,400601
ZGEN,General Liberal Arts,240199
ZGME,German - Education,160501
ZGRP,Human Resource/Generalist,521001
ZGSC,General Science,400101
ZGVC,Government Contracts Mgmt,520202
ZH1C,Human Res/Organizational Devel,521001
ZH1P,Human Res/Organizational Devel,521001
ZH2C,Human Res/Training,521001
ZH2P,Human Res/Training,521001
ZH3B,Human Res/Career Development,521001
ZH3C,Human Res/Career Development,521001
ZHCC,Health Care Management,520299
ZHCP,Health Care Management,520299
ZHDT,Lhdt Applied Cognitive Tech,139999
ZHE1,Nutrition,190504
ZHEC,Home Economics,190101
ZHED,Home Economics - Dietetics,190501
ZHEE,Home Economics - Education,190101
ZHEF,Home Econ - Foods & Dietetics,190501
ZHET,Home Econ - Textile & Cloth,190901
ZHFO,Food & Dietetics,190501
ZHHL,Lhdt Hrd Health,139999
ZHL1,Teaching/Health Education,131307
ZHLP,Human Resource Law,521001
ZHLT,Health Education 5-12,131307
ZHPS,Public Safety Educ & Admin,130499
ZHRC,Human Res/Management,521001
ZHRP,Human Res/Management,521001
ZHUM,Humanities,240103
ZIBU,International Business,521101
ZIFC,Information Management,521201
ZIFD,Gifted/Creative/Talented,131004
ZIFP,Information Management,521201
ZIHL,Curr & Instr Allied Health,130301
ZIHP,Intl Human Resource Mgmt,521001
ZIIL,Curr & Instr Elementary,130301
ZIMC,Intl Mgmt/Career Integrated,521101
ZIMP,Intl Mgmt/Prior Business,521101
ZINA,Intl Bus - Accounting,521101
ZINB,Intl Bus - Business Intensive,521101
ZINE,Intl Bus - Entrepreneurship,521101
ZINF,Intl Bus - Finance,521101
ZINH,Intl Bus - Human Resources,521101
ZINM,Intl Bus - Marketing Mgmt,521101
ZINO,Intl Bus - Operations Mgmt,521101
ZINT,Intl Bus - Oral/Telecommuni,521101
ZIPS,Curr & Instr Public Safety,130301
ZISC,Risk And Insurance,521701
ZISP,Risk And Insurance,521701
ZJFC,Finance,520801
ZJFP,Finance,520801
ZJO1,Journalism,90499
ZJOF,Intl Journalism -French,90401
ZJOG,Intl Journalism - German,90401
ZJOS,Intl Journalism - Spanish,90401
ZLAP,Adapted Physical Ed Licensure,512309
ZLBL,Bilingual/Bicultural Licensure,130201
ZLCS,Reading Counsultant K-12,131315
ZLDI,Special Education Director,130402
ZLDS,Sec Developmental Rdg Lic,131315
ZLEL,Elem Administration Licensure,130408
ZLGS,Legal Studies,220000
ZLMH,Mildly Handicapped Licensure,131006
ZLMM,Mild/Moderate Retard Lic,131006
ZLMR,Mr:Severe/Profound Licensure,131006
ZLPE,Parent Education,139999
ZLPH,Physically Handicapped Lic,131008
ZLPR,Labor Relations & Personnel,521001
ZLRE,Elem Remedial Rdg Licensure,131315
ZLRS,Sec Remedial Rdg Licensure,131315
ZLSC,Sec Administration Licensure,130409
ZLSE,Life Science - Education,260101
ZMAE,Mathematics,270101
ZMBI,Integrative Management,520201
ZMCM,Materials Science Cert,143701
ZMED,Music Band K-12/Classrm 5-12,131312
ZMFC,Manufacturing Systems,143601
ZMFG,Manufacturing Systems Eng,143601
ZMFP,Manufacturing Systems,143601
ZMGC,Management,520201
ZMGP,Management,520201
ZMKC,Marketing,521401
ZMKP,Marketing,521401
ZMMP,Piano Pedagogy & Performance,500903
ZMSC,Manufacturing Systems Cert,143601
ZMU2,Music Criticism,131312
ZMUG,Music-Perform/Studio (Guitar),500903
ZMUP,Music-Perform/Studio (Piano),500903
ZMUT,Music - Musical Theater,500901
ZMUV,Music-Perform/Studio (Voice),500903
ZMV1,Music Vocal/Classroom K-9,131312
ZMV2,Music Vocal/Classroom 5-12,131312
ZNAV,Navy V-12,280401
ZNDH,Non-Degree/Human Resource Mgmt,521001
ZNDM,Non-Degree/Graduate Management,529999
ZNDS,Non-Degree/Systems Engineer,143601
ZNMF,Non-Degree/Mfg Systems,143601
ZNPC,Non Profit Management,520206
ZNPL,Elementary Administration,130408
ZNPP,Non Profit Management,520206
ZNUR,Nursing,511601
ZOCC,Occupational Therapy,512306
ZODP,Human Resource/Org Development,521001
ZOPC,Operations Management,521399
ZOPP,Operations Management,521399
ZOTM,Other Major,999999
ZP01,St. Thomas Law,220101
ZP02,Minneapolis Coll of Music,500904
ZP04,Economics - Quant Methods,450601
ZP05,Economics - Political Sci,451099
ZP06,Home Economics - Business/Soci,190101
ZP08,Library Science,250101
ZP12,Seminary,390604
ZP14,Pre-Architecture,40902
ZP15,Social Studies,301501
ZP16,Professional Manager,520201
ZP17,MACI Educ K-12,130301
ZP18,MAT - Intern,139999
ZP19,MAT - Non-Intern,139999
ZP20,MA - Gifted,131004
ZP21,MACI Public Safety,439999
ZP22,Master of Education,130101
ZP23,Counseling Psychology,422803
ZP24,Counseling - Secondary,422803
ZP25,Reading,131315
ZP26,Spec Educ-S.L.B.P.,131001
ZP27,Spec Educ - Emot Dis,131005
ZP28,Spec Educ-E.M.R.,131006
ZP29,Spec Educ-T.M.R.,131006
ZP30,Spec Educ Ph Hand,131008
ZP31,Spec Educ - EC,131001
ZP32,Sch Business Officer,130499
ZP33,Elem Administration,130408
ZP34,Sec Administration,130409
ZP35,Gen Administration,130401
ZP36,Business Admin,130499
ZP37,Community Educ,130499
ZP38,Nonpub El. Ad.,130408
ZP39,Nonpub Sec Ad,130409
ZP40,Nonpub Gen Ad,130408
ZP41,Athletic Admin,130499
ZP42,Nonpub El. Ad.,130408
ZP43,Nonpub Sec Ad,130409
ZP44,Non Pub. Gen. Ad.,520201
ZP45,MACI Secondary,130301
ZP46,MACI Elementary,130301
ZP47,LRN-Human Dev Tech,521001
ZP48,Spec Educ-Adapt P.E.,512309
ZP49,Lrn-Hum Dev Tech - HRD,521001
ZP50,Lrn-Hum Dev Tech - Hlth,521001
ZP52,MACI Elementary - L Ed,130301
ZP53,Education Leadership,130401
ZP54,Anthropology,450201
ZP55,Art,360110
ZP56,Bus Admin - Education,520201
ZP57,Physical Education,310501
ZP58,Communication - Theater,360117
ZP59,Speech - Theater,360117
ZP60,Marriage/Family Couns. Cert,422811
ZP61,Civil Engineering,141301
ZPAP,Spec Ed Adapted Physical Educ,512309
ZPCS,Reading Consultant K-12,131315
ZPDS,Secondary Developmental Rdg,131315
ZPEH,Phy Ed Health Pro - Sci,512207
ZPEP,Physical Education,310501
ZPET,Health - Teaching,131307
ZPGE,General Administration,130401
ZPH2,Physics Education,400801
ZPHE,Physics - Education,400801
ZPHL,Health,519999
ZPIE,Teacher Prep Intern-Elementary,131202
ZPIN,Teacher Prep Intern-Secondary,131205
ZPL2,Philosophy - Sjv,380101
ZPMC,Public Management,520299
ZPMM,Spec Ed Mild/Moderate Retard,131006
ZPMP,Public Management,520299
ZPMR,Spec Ed Mr:Severe/Profound,131006
ZPO2,Public Administration,440401
ZPPH,Spec Ed Physically Handicapped,131008
ZPRE,Elementary Remedial Rdg,131315
ZPRS,Secondary Remedial Reading,131315
ZPSE,Secondary Administration,130409
ZPUB,Public Administration,440401
ZREC,Real Estate Career Integrated,521501
ZREP,Real Estate Prior Business,521501
ZRUA,Russian Area,50110
ZRUS,Russian,160402
ZSCM,Community Education,130499
ZSCN,Excersize Science,400101
ZSEE,Soviet & East European Studies,50110
ZSEL,Elementary Administration,130408
ZSGE,General Administration,130401
ZSMS,Science Education 5-9,131316
ZSO2,Sociology Research Meth,451101
ZSO3,Human Work Systems,451101
ZSO4,Lifecourse Choices,451101
ZSOS,Social Science,450101
ZSPC,Sports Management,529999
ZSPE,Spanish-Education,160905
ZSPP,Sports Management,529999
ZSSB,School Business Officer,130499
ZSSD,Software Design,110103
ZSSE,Secondary Administration,130409
ZTHE,Theology,380201
ZTRP,Human Resource/Training,521001
ZUNC,Evening MBA,520201
ZUNP,Evening MBA,520201
ZVEC,Venture Management,520701
ZVEP,Venture Management,520701
